Schedule|Objective|Date |Status|Account|Contact|Project|start_time|end_time|plan|email|mobile|phone|department|position|comment|report|remaining|competitors|remark|lead_no|lead_name|image
Year|Propose|24/05/2020|Plan|A I SYSTEM CO.|คุณเบียร์ -|Saint Test|||A I SYSTEM CO.|ruel@aisyst.com|(0) 2637-1142 -(3)|(0) 2637-1142 -(3)|A I SYSTEM CO.|A I SYSTEM CO.|A I SYSTEM CO.|A I SYSTEM CO.|A I SYSTEM CO.|A I SYSTEM CO.|A I SYSTEM CO.|LEA62-0004|Jisoo Kim|JPEG.jpg
Year|Other|15/06/2020|Complete|Adincp CO., Ltd.|คุณสิรธีร์  อภิญญาวสีสุข -|ADNC|||Adincp CO., Ltd.|sirati.api@adinop.co.th|02 445 5022 #2502|02 445 5022 #2502||Adincp CO., Ltd.|คุณสิรธีร์ อภิญญาวสีสุข -|ADNC|sirati.api@adinop.co.th'|02 445 5022 #2502||LEA62-0001|วุฒิพงศ์ มีจำรัส|PNG.png
Week|Other|26/02/2020|Plan|Akradech|Khun Akradech -|AKRD|||Akradech|akradech_k@yahoo.com|081-834-1562, 080-553-8798|081-834-1562, 080-553-8798||Akradech|Akradech|Akradech|Akradech|Akradech|Akradech|LEA63-0001|KC KC|
Month|Other|24/05/2020|Plan|A I SYSTEM CO.|คุณเบียร์ -|Saint Test|||A I SYSTEM CO.|ruel@aisyst.com|(0) 2637-1142 -(3)|(0) 2637-1142 -(3)|A I SYSTEM CO.|A I SYSTEM CO.|A I SYSTEM CO.|A I SYSTEM CO.|A I SYSTEM CO.|A I SYSTEM CO.|A I SYSTEM CO.|LEA62-0004|Jisoo Kim|PNG.png;BMP.bmp;JPEG.jpg;BMP.bmp;blog-file-types-1600-x-900-2.jpg;pop up 0.png;GIF.gif
Week|Presentation|30/05/2020|Complete|3-RD Company Limited|คุณชาคริต -|3RDC|||3-RD Company Limited|chakhrits7@gmail.com|02-353-6567|02-353-6567|Optional Fields|3-RD Company Limited||3-RD Company Limited||3-RD Company Limited|3-RD Company Limited|LEA62-0004|Jisoo Kim|PNG.png;BMP.bmp;JPEG.jpg;BMP.bmp;blog-file-types-1600-x-900-2.jpg;pop up 0.png;GIF.gif
Week|Presentation|30/05/2020|Complete|3-RD Company Limited|คุณชาคริต -|3RDC|||3-RD Company Limited|chakhrits7@gmail.com|02-353-6567|02-353-6567|Optional Fields|3-RD Company Limited||3-RD Company Limited||3-RD Company Limited|3-RD Company Limited|LEA62-0004|Jisoo Kim|PNG.png;BMP.bmp;JPEG.jpg;BMP.bmp;blog-file-types-1600-x-900-2.jpg;pop up 0.png;GIF.gif
Week|Presentation|30/05/2020|Complete|3-RD Company Limited|คุณชาคริต -|3RDC|||3-RD Company Limited|chakhrits7@gmail.com|02-353-6567|02-353-6567|Optional Fields|3-RD Company Limited||3-RD Company Limited||3-RD Company Limited|3-RD Company Limited|LEA62-0004|Jisoo Kim|PNG.png;BMP.bmp;JPEG.jpg;BMP.bmp;blog-file-types-1600-x-900-2.jpg;pop up 0.png;GIF.gif
Day|Visit|26/11/2020|Plan|Akradech|Khun Akradech -|AKRD|||Akradech|akradech_k@yahoo.com|081-834-1562, 080-553-8798|081-834-1562, 080-553-8798||Akradech|Akradech||Akradech|Akradech||LEA63-0001|KC KC|
Day|Quotation|23/02/2020|Cancel|Asia Biomass Co.,Ltd.|คุณวุฒิพงศ์ -|ABMC|||Asia Biomass Co.|it@asiabiomass.com|02-415-0054|02-415-0054|Asia Biomass Co.|Asia Biomass Co.|Asia Biomass Co.|Asia Biomass Co.|Asia Biomass Co.|Asia Biomass Co.|Asia Biomass Co.|LEA62-0001|วุฒิพงศ์ มีจำรัส|BMP.bmp
Year|Demo|15/06/2020|Cancel|Bangkok Luxe Co.|Patcharee Chinnapak (Duen) -|BKLX|||Bangkok Luxe Co.|bangkokluxe@gmail.com|02-6616327-9|02-6616327-9|Bangkok Luxe Co.|Bangkok Luxe Co.|Bangkok Luxe Co.|Bangkok Luxe Co.|Bangkok Luxe Co.|Bangkok Luxe Co.|Bangkok Luxe Co.|LEA62-0005|ณัฐวัตร ตาเรือนสอน|
Month|Implementation|31/12/2020|Complete|B Y K Engineering Co., Ltd|คุณวิมลพรรณ -|BYKE|||B Y K Engineering Co., Ltd|byk@bykengineeting.com|02-4250412-5|02-4250412-5|B Y K Engineering Co., Ltd|B Y K Engineering Co., Ltd|B Y K Engineering Co., Ltd|B Y K Engineering Co., Ltd|B Y K Engineering Co., Ltd|B Y K Engineering Co., Ltd|B Y K Engineering Co., Ltd|LEA62-0006|กฤษรัก วังหาญ|
Day|Installation|23/02/2020|Cancel|Asia Biomass Co.,Ltd.|คุณวุฒิพงศ์ -|ABMC|||Asia Biomass Co.|it@asiabiomass.com|02-415-0054|02-415-0054|Asia Biomass Co.|Asia Biomass Co.|Asia Biomass Co.|Asia Biomass Co.|Asia Biomass Co.|Asia Biomass Co.|Asia Biomass Co.|LEA62-0001|วุฒิพงศ์ มีจำรัส|BMP.bmp
Week|Maintenance Service|30/05/2020|Complete|3-RD Company Limited|คุณชาคริต -|3RDC|||3-RD Company Limited|chakhrits7@gmail.com|02-353-6567|02-353-6567|3-RD Company Limited|||3-RD Company Limited|3-RD Company Limited|3-RD Company Limited|3-RD Company Limited|LEA62-0004|Jisoo Kim|PNG.png;BMP.bmp;JPEG.jpg;BMP.bmp;blog-file-types-1600-x-900-2.jpg;pop up 0.png;GIF.gif
Month|In office|24/05/2020|Plan|A I SYSTEM CO.|คุณเบียร์ -|Saint Test|||A I SYSTEM CO.|ruel@aisyst.com|(0) 2637-1142 -(3)|(0) 2637-1142 -(3)|A I SYSTEM CO.|A I SYSTEM CO.|A I SYSTEM CO.|A I SYSTEM CO.|A I SYSTEM CO.|A I SYSTEM CO.|A I SYSTEM CO.|LEA62-0004|Jisoo Kim|JPEG.jpg
Year|Preventation Maintenance|15/06/2020|Cancel|Bangkok Luxe Co.|Patcharee Chinnapak (Duen) -|BKLX|||Bangkok Luxe Co.|bangkokluxe@gmail.com|02-6616327-9|02-6616327-9|Bangkok Luxe Co.|Bangkok Luxe Co.|Bangkok Luxe Co.|Bangkok Luxe Co.|Bangkok Luxe Co.|Bangkok Luxe Co.|Bangkok Luxe Co.|LEA62-0005|ณัฐวัตร ตาเรือนสอน|
Month|POC|31/12/2020|Complete|B Y K Engineering Co., Ltd|คุณวิมลพรรณ -|BYKE|||B Y K Engineering Co., Ltd|byk@bykengineeting.com|02-4250412-5|02-4250412-5|B Y K Engineering Co., Ltd|B Y K Engineering Co., Ltd|B Y K Engineering Co., Ltd|B Y K Engineering Co., Ltd|B Y K Engineering Co., Ltd|B Y K Engineering Co., Ltd|B Y K Engineering Co., Ltd|LEA62-0006|กฤษรัก วังหาญ|
Week|MA|26/11/2020|Plan|Akradech|Khun Akradech -|AKRD|||Khun Akradech -|||||||||||||
Day|In office|23/02/2020|Cancel|Asia Biomass Co.,Ltd.|คุณวุฒิพงศ์ -|ABMC|||Asia Biomass Co.|it@asiabiomass.com|02-415-0054|02-415-0054|Asia Biomass Co.|Asia Biomass Co.|Asia Biomass Co.|Asia Biomass Co.|Asia Biomass Co.|Asia Biomass Co.|Asia Biomass Co.|LEA62-0001|วุฒิพงศ์ มีจำรัส|BMP.bmp
Week|Leave|30/05/2020|Complete|3-RD Company Limited|คุณชาคริต -|3RDC|||3-RD Company Limited|chakhrits7@gmail.com|02-353-6567|02-353-6567|3-RD Company Limited|3-RD Company Limited|3-RD Company Limited|3-RD Company Limited|3-RD Company Limited|3-RD Company Limited|3-RD Company Limited|LEA62-0001|วุฒิพงศ์ มีจำรัส|PNG.png
Year|Presentation|15/06/2020|Cancel|Bangkok Luxe Co.|Patcharee Chinnapak (Duen) -|BKLX|||Bangkok Luxe Co.|bangkokluxe@gmail.com|02-6616327-9|02-6616327-9|Bangkok Luxe Co.|Bangkok Luxe Co.|Bangkok Luxe Co.|Bangkok Luxe Co.|Bangkok Luxe Co.|Bangkok Luxe Co.|Bangkok Luxe Co.|LEA62-0005|ณัฐวัตร ตาเรือนสอน|
Month|Visit|31/12/2020|Complete|B Y K Engineering Co., Ltd|คุณวิมลพรรณ -|BYKE|||B Y K Engineering Co., Ltd|byk@bykengineeting.com|02-4250412-5|02-4250412-5|B Y K Engineering Co., Ltd|B Y K Engineering Co., Ltd|B Y K Engineering Co., Ltd|B Y K Engineering Co., Ltd|B Y K Engineering Co., Ltd|B Y K Engineering Co., Ltd|B Y K Engineering Co., Ltd|LEA62-0006|กฤษรัก วังหาญ|
Week|Quotation|26/11/2020|Plan|Akradech|Khun Akradech -|AKRD|||Akradech|akradech_k@yahoo.com|081-834-1562, 080-553-8798|081-834-1562, 080-553-8798||Akradech|Akradech|Akradech|Akradech|Akradech|Akradech|LEA63-0001|KC KC|
Day|Propose|23/02/2020|Cancel|Asia Biomass Co.,Ltd.|คุณวุฒิพงศ์ -|ABMC|||Asia Biomass Co.|it@asiabiomass.com|02-415-0054|02-415-0054|Asia Biomass Co.|Asia Biomass Co.|Asia Biomass Co.|Asia Biomass Co.|Asia Biomass Co.|Asia Biomass Co.|Asia Biomass Co.|LEA62-0001|วุฒิพงศ์ มีจำรัส|BMP.bmp
Week|Demo|30/05/2020|Complete|3-RD Company Limited|คุณชาคริต -|3RDC|||3-RD Company Limited|chakhrits7@gmail.com|02-353-6567|02-353-6567|3-RD Company Limited|3-RD Company Limited|3-RD Company Limited|3-RD Company Limited|3-RD Company Limited|3-RD Company Limited|3-RD Company Limited|LEA62-0001|วุฒิพงศ์ มีจำรัส|PNG.png
Month|Implementation|24/05/2020|Plan|A I SYSTEM CO.|คุณเบียร์ -|Saint Test|||A I SYSTEM CO.|ruel@aisyst.com|(0) 2637-1142 -(3)|(0) 2637-1142 -(3)|A I SYSTEM CO.|A I SYSTEM CO.|A I SYSTEM CO.|A I SYSTEM CO.|A I SYSTEM CO.|A I SYSTEM CO.|A I SYSTEM CO.|LEA62-0004|Jisoo Kim|JPEG.jpg;blog-file-types-1600-x-900-2.jpg
Year|Installation|15/06/2020|Cancel|Bangkok Luxe Co.|Patcharee Chinnapak (Duen) -|BKLX|||Bangkok Luxe Co.|bangkokluxe@gmail.com|02-6616327-9|02-6616327-9|Bangkok Luxe Co.|Bangkok Luxe Co.|Bangkok Luxe Co.|Bangkok Luxe Co.|Bangkok Luxe Co.|Bangkok Luxe Co.|Bangkok Luxe Co.|LEA62-0005|ณัฐวัตร ตาเรือนสอน|
Month|Maintenance Service|31/12/2020|Complete|B Y K Engineering Co., Ltd|คุณวิมลพรรณ -|BYKE|||B Y K Engineering Co., Ltd|byk@bykengineeting.com|02-4250412-5|02-4250412-5|B Y K Engineering Co., Ltd|B Y K Engineering Co., Ltd|B Y K Engineering Co., Ltd|B Y K Engineering Co., Ltd|B Y K Engineering Co., Ltd|B Y K Engineering Co., Ltd|B Y K Engineering Co., Ltd|LEA62-0006|กฤษรัก วังหาญ|
Week|In office|26/11/2020|Plan|Akradech|Khun Akradech -|AKRD|||Akradech|akradech_k@yahoo.com|081-834-1562, 080-553-8798|081-834-1562, 080-553-8798||Akradech|Akradech|Akradech|Akradech|Akradech|Akradech|LEA63-0001|KC KC|
Day|Preventation Maintenance|23/02/2020|Cancel|Asia Biomass Co.,Ltd.|คุณวุฒิพงศ์ -|ABMC|||Asia Biomass Co.|it@asiabiomass.com|02-415-0054|02-415-0054|Asia Biomass Co.|Asia Biomass Co.|Asia Biomass Co.|Asia Biomass Co.|Asia Biomass Co.|Asia Biomass Co.|Asia Biomass Co.|LEA62-0001|วุฒิพงศ์ มีจำรัส|PNG.png;BMP.bmp;JPEG.jpg;BMP.bmp;blog-file-types-1600-x-900-2.jpg;pop up 0.png;GIF.gif
Week|POC|30/05/2020|Complete|3-RD Company Limited|คุณชาคริต -|3RDC|||3-RD Company Limited|chakhrits7@gmail.com|02-353-6567|02-353-6567||||||||||
Month|MA|24/05/2020|Plan|A I SYSTEM CO.|คุณเบียร์ -|Saint Test|||A I SYSTEM CO.|ruel@aisyst.com|(0) 2637-1142 -(3)|(0) 2637-1142 -(3)|A I SYSTEM CO.|A I SYSTEM CO.|A I SYSTEM CO.|A I SYSTEM CO.|A I SYSTEM CO.|A I SYSTEM CO.|A I SYSTEM CO.|LEA62-0004|Jisoo Kim|JPEG.jpg
Year|In office|15/06/2020|Cancel|Bangkok Luxe Co.|Patcharee Chinnapak (Duen) -|BKLX|||Bangkok Luxe Co.|bangkokluxe@gmail.com|02-6616327-9|02-6616327-9|Bangkok Luxe Co.|Bangkok Luxe Co.|Bangkok Luxe Co.|Bangkok Luxe Co.|Bangkok Luxe Co.|Bangkok Luxe Co.|Bangkok Luxe Co.|LEA62-0005|ณัฐวัตร ตาเรือนสอน|blog-file-types-1600-x-900-2.jpg
Month|Leave|31/12/2020|Complete|B Y K Engineering Co., Ltd|คุณวิมลพรรณ -|BYKE|||B Y K Engineering Co., Ltd|byk@bykengineeting.com|02-4250412-5|02-4250412-5|B Y K Engineering Co., Ltd|B Y K Engineering Co., Ltd|B Y K Engineering Co., Ltd|B Y K Engineering Co., Ltd|B Y K Engineering Co., Ltd|B Y K Engineering Co., Ltd|B Y K Engineering Co., Ltd|LEA62-0006|กฤษรัก วังหาญ|PNG.png;BMP.bmp;JPEG.jpg;BMP.bmp;blog-file-types-1600-x-900-2.jpg;pop up 0.png;GIF.gif
Day|Presentation|23/02/2020|Cancel|Asia Biomass Co.,Ltd.|คุณวุฒิพงศ์ -|ABMC|||Asia Biomass Co.|it@asiabiomass.com|02-415-0054|02-415-0054|Asia Biomass Co.|Asia Biomass Co.|Asia Biomass Co.|Asia Biomass Co.|Asia Biomass Co.|Asia Biomass Co.|Asia Biomass Co.|LEA62-0001|วุฒิพงศ์ มีจำรัส|BMP.bmp;blog-file-types-1600-x-900-2.jpg
Week|Visit|30/05/2020|Complete|3-RD Company Limited|คุณชาคริต -|3RDC|||3-RD Company Limited|chakhrits7@gmail.com|02-353-6567|02-353-6567|3-RD Company Limited|3-RD Company Limited|3-RD Company Limited|3-RD Company Limited|3-RD Company Limited|3-RD Company Limited|3-RD Company Limited|LEA62-0001|วุฒิพงศ์ มีจำรัส|PNG.png
Month|Quotation|24/05/2020|Plan|A I SYSTEM CO.|คุณเบียร์ -|Saint Test|||A I SYSTEM CO.|ruel@aisyst.com|(0) 2637-1142 -(3)|(0) 2637-1142 -(3)|A I SYSTEM CO.|A I SYSTEM CO.|A I SYSTEM CO.|A I SYSTEM CO.|A I SYSTEM CO.|A I SYSTEM CO.|A I SYSTEM CO.|LEA62-0004|Jisoo Kim|PNG.png;BMP.bmp;JPEG.jpg;BMP.bmp
Year|Propose|15/06/2020|Cancel|Bangkok Luxe Co.|Patcharee Chinnapak (Duen) -|BKLX|||Bangkok Luxe Co.|bangkokluxe@gmail.com|02-6616327-9|02-6616327-9|Bangkok Luxe Co.|Bangkok Luxe Co.|Bangkok Luxe Co.|Bangkok Luxe Co.|Bangkok Luxe Co.|Bangkok Luxe Co.|Bangkok Luxe Co.|LEA62-0005|ณัฐวัตร ตาเรือนสอน|
Month|Demo|31/12/2020|Complete|B Y K Engineering Co., Ltd|คุณวิมลพรรณ -|BYKE|||B Y K Engineering Co., Ltd|byk@bykengineeting.com|02-4250412-5|02-4250412-5|B Y K Engineering Co., Ltd|B Y K Engineering Co., Ltd|B Y K Engineering Co., Ltd|B Y K Engineering Co., Ltd|B Y K Engineering Co., Ltd|B Y K Engineering Co., Ltd|B Y K Engineering Co., Ltd|LEA62-0006|กฤษรัก วังหาญ|PNG.png;BMP.bmp;JPEG.jpg;blog-file-types-1600-x-900-2.jpg
Week|Implementation|26/11/2020|Plan|Akradech|Khun Akradech -|AKRD|||Akradech|akradech_k@yahoo.com|081-834-1562, 080-553-8798|081-834-1562, 080-553-8798||Akradech|Akradech|Akradech|Akradech|Akradech|Akradech|LEA63-0001|KC KC|
Day|In office|30/05/2020|Plan|A.N.N. Service Limited Partnership|คุณสุชาติ -|ANNS|||A.N.N. Service Limited Partnership|suchart.te54@gmail.com|081 –830-0324|081 –830-0324|A.N.N. Service Limited Partnership|A.N.N. Service Limited Partnership|suchart.te54@gmail.com|A.N.N. Service Limited Partnership|A.N.N. Service Limited Partnership|A.N.N. Service Limited Partnership|A.N.N. Service Limited Partnership|LEA63-0001|KC KC|
Week|Leave|24/05/2020|Cancel|AAE All Asia Exclusive Ltd.|คุณสุเนตตรา -|AAEA|||AAE All Asia Exclusive Ltd.|net@aae.travel|02-235-1112|02-235-1112|AAE All Asia Exclusive Ltd.|คุณสุเนตตรา -|AAEA|AAE All Asia Exclusive Ltd.|คุณสุเนตตรา -|AAEA|AAE All Asia Exclusive Ltd.|LEA62-0001|วุฒิพงศ์ มีจำรัส|BMP.bmp;blog-file-types-1600-x-900-2.jpg
Year|Presentation|31/12/2020|Plan|Amanah Leasing PCL.|คุณวิริทธิพล ศักดิ์ศรีวรเมธ -|NAVLMA|||Amanah Leasing PCL.|virittipol@amanah.co.th|0-2612-3233|0-2612-3233|Amanah Leasing PCL.|คุณวิริทธิพล ศักดิ์ศรีวรเมธ -|NAVLMA|Amanah Leasing PCL.|คุณวิริทธิพล ศักดิ์ศรีวรเมธ -|NAVLMA|Amanah Leasing PCL.|LEA62-0004|Jisoo Kim|PNG.png;BMP.bmp;JPEG.jpg;BMP.bmp
Month|Visit|26/11/2020|Cancel|APP. MARKETING CO.,LTD. |คุณพรมนัส -|APPM|||Asia Wealth Asset Management Company Limited|vcapp@app.co.th|02-439-2478-9|02-439-2478-9|APP. MARKETING CO.,LTD. |คุณพรมนัส -|APPM|vcapp@app.co.th|02-439-2478-9|02-439-2478-9|APP. MARKETING CO.,LTD. |LEA62-0005|ณัฐวัตร ตาเรือนสอน|
Week|Quotation|26/11/2020|Complete|Asia Wealth Asset Management Company Limited|K.Siripong -|AWAM|||Asia Wealth Asset Management Company Limited|Siripong.Sa@awam.co.th|099-189-7775|099-189-7775|Asia Wealth Asset Management Company Limited|K.Siripong -|AWAM|Asia Wealth Asset Management Company Limited|K.Siripong -|AWAM|Asia Wealth Asset Management Company Limited|LEA62-0006|กฤษรัก วังหาญ|PNG.png;BMP.bmp;JPEG.jpg;blog-file-types-1600-x-900-2.jpg
Year|Propose|23/02/2020|Cancel|Asia Green Energy Public Company Limited|คุณประเสริฐ -||||Asia Green Energy Public Company Limited|it@agecoal.com  prasert_p@agecoal.com|02-453-1251-3|02-453-1251-3|Asia Green Energy Public Company Limited|Asia Green Energy Public Company Limited|Asia Green Energy Public Company Limited|Asia Green Energy Public Company Limited|Asia Green Energy Public Company Limited|Asia Green Energy Public Company Limited|Asia Green Energy Public Company Limited|LEA63-0001|KC KC|
